key	ordinal	author_number	type	section	title_jp	chars_no_ws	source_url
SP-01	1		special	特別編	カクヨムコン受賞記念SS　原作の最終話直前であったかもしれない話	5037	https://kakuyomu.jp/works/16816410413990086033/episodes/16816452220649443110
001	2	1	main	第1章	第1話　漫画キャラへ転生	4178	https://kakuyomu.jp/works/16816410413990086033/episodes/16816410413990097036
002	3	2	main	第1章	第2話　推しヒロインへ告白	3979	https://kakuyomu.jp/works/16816410413990086033/episodes/16816410413990156166
003	4	3	main	第1章	第3話　嶋田聖の気持ち	2599	https://kakuyomu.jp/works/16816410413990086033/episodes/16816410413990205331
004	5	4	main	第1章	第4話　詩帆からの連絡	3692	https://kakuyomu.jp/works/16816410413990086033/episodes/16816410413990252567
005	6	5	main	第1章	第5話　聖と詩帆の電話	3910	https://kakuyomu.jp/works/16816410413990086033/episodes/16816410413990294543
006	7	6	main	第1章	第6話　夢を楽しむ	2914	https://kakuyomu.jp/works/16816410413990086033/episodes/16816410413990345202
007	8	7	main	第1章	第7話　夢の中で寝る？	2524	https://kakuyomu.jp/works/16816410413990086033/episodes/16816410413990373216
008	9	8	main	第1章	第8話　まだ夢の中？	3328	https://kakuyomu.jp/works/16816410413990086033/episodes/16816410413990403420
009	10	9	main	第1章	第9話　学校へ	4185	https://kakuyomu.jp/works/16816410413990086033/episodes/16816452218248754802
010	11	10	main	第1章	第10話　学校での会話	3553	https://kakuyomu.jp/works/16816410413990086033/episodes/16816452218248806109
011	12	11	main	第1章	第11話　放課後	4558	https://kakuyomu.jp/works/16816410413990086033/episodes/16816452218248883932
012	13	12	main	第1章	第12話　放課後デート？	3362	https://kakuyomu.jp/works/16816410413990086033/episodes/16816452218251997764
013	14	13	main	第1章	第13話　放課後デートの帰り	2547	https://kakuyomu.jp/works/16816410413990086033/episodes/16816452218265194134
014	15	14	main	第1章	第14話　土曜日の夜	3970	https://kakuyomu.jp/works/16816410413990086033/episodes/16816452218265250207
015	16	15	main	第1章	第15話　デートの作戦立て	4925	https://kakuyomu.jp/works/16816410413990086033/episodes/16816452218265363555
016	17	16	main	第1章	第16話　バレる	2236	https://kakuyomu.jp/works/16816410413990086033/episodes/16816452218283121211
017	18	17	main	第1章	第17話　監視デート？	1868	https://kakuyomu.jp/works/16816410413990086033/episodes/16816452218283180485
018	19	18	main	第1章	第18話　その頃、聖は	2468	https://kakuyomu.jp/works/16816410413990086033/episodes/16816452218299033787
019	20	19	main	第1章	第19話　迷う服のコーデ	2452	https://kakuyomu.jp/works/16816410413990086033/episodes/16816452218299066899
020	21	20	main	第1章	第20話　デート当日	2425	https://kakuyomu.jp/works/16816410413990086033/episodes/16816452218299119660
021	22	21	main	第1章	第21話　デートへ	2083	https://kakuyomu.jp/works/16816410413990086033/episodes/16816452218314971990
022	23	22	main	第1章	第22話　凛恵の気持ち	1601	https://kakuyomu.jp/works/16816410413990086033/episodes/16816452218315003113
023	24	23	main	第1章	第23話　待ち合わせ	2576	https://kakuyomu.jp/works/16816410413990086033/episodes/16816452218315048263
024	25	24	main	第1章	第24話　監視デートの始まり	4089	https://kakuyomu.jp/works/16816410413990086033/episodes/16816452218315178341
025	26	25	main	第1章	第25話　聖の初めてのデート	2913	https://kakuyomu.jp/works/16816410413990086033/episodes/16816452218333234949
026	27	26	main	第1章	第26話　聖ちゃんの苦手なもの？	4529	https://kakuyomu.jp/works/16816410413990086033/episodes/16816452218333314196
027	28	27	main	第1章	第27話　お化け屋敷	2867	https://kakuyomu.jp/works/16816410413990086033/episodes/16816452218333360244
028	29	28	main	第1章	第28話　売店で…？	4180	https://kakuyomu.jp/works/16816410413990086033/episodes/16816452218345558413
029	30	29	main	第1章	第29話　原作と違う	3077	https://kakuyomu.jp/works/16816410413990086033/episodes/16816452218345675838
030	31	30	main	第1章	第30話　東條院歌織の気持ち	4246	https://kakuyomu.jp/works/16816410413990086033/episodes/16816452218345860246
031	32	31	main	第1章	第31話　歌織と父親	2150	https://kakuyomu.jp/works/16816410413990086033/episodes/16816452218361498830
032	33	32	main	第1章	第32話　勇一のもとへ	2136	https://kakuyomu.jp/works/16816410413990086033/episodes/16816452218361556515
033	34	33	main	第1章	第33話　告白の行方	2510	https://kakuyomu.jp/works/16816410413990086033/episodes/16816452218361719689
034	35	34	main	第1章	第34話　修羅場の影で	3103	https://kakuyomu.jp/works/16816410413990086033/episodes/16816452218395906492
035	36	35	main	第1章	第35話　もう一度	3794	https://kakuyomu.jp/works/16816410413990086033/episodes/16816452218414746620
036	37	36	main	第1章	第36話　付き合った翌日	2130	https://kakuyomu.jp/works/16816410413990086033/episodes/16816452218426927774
037	38	37	main	第1章	第37話　初対面	2579	https://kakuyomu.jp/works/16816410413990086033/episodes/16816452218441674599
038	39	38	main	第1章	第38話　一緒に登校	2873	https://kakuyomu.jp/works/16816410413990086033/episodes/16816452218456910435
039	40	39	main	第1章	第39話　これからの高校生活	4895	https://kakuyomu.jp/works/16816410413990086033/episodes/16816452218471674659
040	41	40	main	第2章	第40話　月曜日	2245	https://kakuyomu.jp/works/16816410413990086033/episodes/16816452218636838405
041	42	41	main	第2章	第41話　一緒に学校へ	2795	https://kakuyomu.jp/works/16816410413990086033/episodes/16816452218670897095
042	43	42	main	第2章	第42話　最近の昼休み	4237	https://kakuyomu.jp/works/16816410413990086033/episodes/16816452218733343839
043	44	43	main	第2章	第43話　放課後カフェへ	3438	https://kakuyomu.jp/works/16816410413990086033/episodes/16816452218798287626
044	45	44	main	第2章	第44話　運動施設へ	3693	https://kakuyomu.jp/works/16816410413990086033/episodes/16816452218839655167
045	46	45	main	第2章	第45話　放課後デート、運動施設で	4142	https://kakuyomu.jp/works/16816410413990086033/episodes/16816452218909006243
046	47	46	main	第2章	第46話　お風呂の中で	3713	https://kakuyomu.jp/works/16816410413990086033/episodes/16816452218977455600
047	48	47	main	第2章	第47話　大きくなるには	2254	https://kakuyomu.jp/works/16816410413990086033/episodes/16816452219017544341
048	49	48	main	第2章	第48話　球技大会開始	2965	https://kakuyomu.jp/works/16816410413990086033/episodes/16816452219068729105
049	50	49	main	第2章	第49話　久村投手	2191	https://kakuyomu.jp/works/16816410413990086033/episodes/16816452219125292571
050	51	50	main	第2章	第50話　聖、嫉妬？	2128	https://kakuyomu.jp/works/16816410413990086033/episodes/16816452219177268220
051	52	51	main	第2章	第51話　野球試合終わりに	4496	https://kakuyomu.jp/works/16816410413990086033/episodes/16816452219253151033
052	53	52	main	第2章	第52話　バスケ、試合開始	2058	https://kakuyomu.jp/works/16816410413990086033/episodes/16816452219288666265
053	54	53	main	第2章	第53話　聖VS東條院	2256	https://kakuyomu.jp/works/16816410413990086033/episodes/16816452219359269087
054	55	54	main	第2章	第54話　勝者は…	4801	https://kakuyomu.jp/works/16816410413990086033/episodes/16816452219396049030
055	56	55	main	第2章	第55話　球技大会、終了	2944	https://kakuyomu.jp/works/16816410413990086033/episodes/16816452219503364971
056	57	56	main	第2章	第56話　打ち上げ	4175	https://kakuyomu.jp/works/16816410413990086033/episodes/16816452219593681716
057	58	57	main	第2章	第57話　二人で抜け出す	3522	https://kakuyomu.jp/works/16816410413990086033/episodes/16816452219688196483
058	59	58	main	第2章	第58話　二人だけの打ち上げ	3356	https://kakuyomu.jp/works/16816410413990086033/episodes/16816452219688272972
059	60	59	main	第2章	第59話　球技大会の夜	2676	https://kakuyomu.jp/works/16816410413990086033/episodes/16816452219863738665
060	61	60	main	第2章	第60話　約束の罰ゲーム	4921	https://kakuyomu.jp/works/16816410413990086033/episodes/16816452219985750869
061	62	61	main	第2章	第61話　リムジンの中で	2848	https://kakuyomu.jp/works/16816410413990086033/episodes/16816452220090922851
062	63	62	main	第2章	第62話　小さな豪邸	3842	https://kakuyomu.jp/works/16816410413990086033/episodes/16816452220204297547
063	64	63	main	第2章	第63話　料理修行、開始	3684	https://kakuyomu.jp/works/16816410413990086033/episodes/16816452220307758034
064	65	64	main	第2章	第64話　料理上達？	2804	https://kakuyomu.jp/works/16816410413990086033/episodes/16816452220417482866
065	66	65	main	第2章	第65話　成功、からの…	4817	https://kakuyomu.jp/works/16816410413990086033/episodes/16816452220524175234
066	67	66	main	第2章	第66話　その時？	3008	https://kakuyomu.jp/works/16816410413990086033/episodes/16816452220759046185
067	68	67	main	第2章	第67話　隣の部屋では	2030	https://kakuyomu.jp/works/16816410413990086033/episodes/16816452220864506952
068	69	68	main	第2章	第68話　どこまで？	2407	https://kakuyomu.jp/works/16816410413990086033/episodes/16816452220970132504
069	70	69	main	第2章	第69話　したのか、してないのか	2641	https://kakuyomu.jp/works/16816410413990086033/episodes/16816452221074034022
070	71	70	main	第2章	第70話　あの時の気持ち	3691	https://kakuyomu.jp/works/16816410413990086033/episodes/16816700427039631542
071	72	71	main	第3章	第71話　やはり俺の推しは可愛い	3240	https://kakuyomu.jp/works/16816410413990086033/episodes/16816927860305609278
072	73	72	main	第3章	第72話　カフェで二人きり	3419	https://kakuyomu.jp/works/16816410413990086033/episodes/16816927860365367271
073	74	73	main	第3章	第73話　バイトとマンガ話	3419	https://kakuyomu.jp/works/16816410413990086033/episodes/16816927860423218631
074	75	74	main	第3章	第74話　RINEで惚気？	3421	https://kakuyomu.jp/works/16816410413990086033/episodes/16816927860483560700
075	76	75	main	第3章	第75話　バイトの面接、そして	3440	https://kakuyomu.jp/works/16816410413990086033/episodes/16816927860573588648
076	77	76	main	第3章	第76話　新たな原作ヒロイン	2902	https://kakuyomu.jp/works/16816410413990086033/episodes/16816927860701232662
077	78	77	main	第3章	第77話　お姉さんヒロイン	2669	https://kakuyomu.jp/works/16816410413990086033/episodes/16816927860800970366
078	79	78	main	第3章	第78話　飛世茉莉乃とバイト帰り	2366	https://kakuyomu.jp/works/16816410413990086033/episodes/16816927860887094812
079	80	79	main	第3章	第79話　月曜日、バイトへ行く途中に	3515	https://kakuyomu.jp/works/16816410413990086033/episodes/16816927861019077788
080	81	80	main	第3章	第80話　バイトが始まるが…？	2455	https://kakuyomu.jp/works/16816410413990086033/episodes/16816927861172471381
081	82	81	main	第3章	第81話　聖は変装する	2416	https://kakuyomu.jp/works/16816410413990086033/episodes/16816927861305925063
082	83	82	main	第3章	第82話　潜入成功、と思いきや…	4211	https://kakuyomu.jp/works/16816410413990086033/episodes/16816927861477305297
083	84	83	main	第3章	第83話　変装後、公園で	4423	https://kakuyomu.jp/works/16816410413990086033/episodes/16816927861620641423
084	85	84	main	第3章	第84話　夏服へ衣替え	4153	https://kakuyomu.jp/works/16816410413990086033/episodes/16816927861923682640
