001	第1章：西海霸主	https://wap.faloo.com/1239043_1.html
002	第2章：天生的怪物	https://wap.faloo.com/1239043_2.html
003	第3章：天龙和恶魔之子	https://wap.faloo.com/1239043_3.html
004	第4章：史上最强的超新星	https://wap.faloo.com/1239043_4.html
005	第5章：秘密和底牌，读取人心	https://wap.faloo.com/1239043_5.html
006	第6章：合格的女仆	https://wap.faloo.com/1239043_6.html
007	第7章：波雅三姐妹	https://wap.faloo.com/1239043_7.html
008	第8章：从心而已	https://wap.faloo.com/1239043_8.html
009	第9章：汉库克的求救，代价	https://wap.faloo.com/1239043_9.html
010	第10章：波雅三姐妹入伙	https://wap.faloo.com/1239043_10.html
011	第11章：神技	https://wap.faloo.com/1239043_11.html
012	第12章：响雷果实	https://wap.faloo.com/1239043_12.html
013	第13章：西天之顶	https://wap.faloo.com/1239043_13.html
014	第14章：万能的念动力	https://wap.faloo.com/1239043_14.html
015	第15章：罗宾的感动	https://wap.faloo.com/1239043_15.html
016	第16章：汉库克也想变帅	https://wap.faloo.com/1239043_16.html
017	第17章：超人系・坚城果实	https://wap.faloo.com/1239043_17.html
018	第18章：绝种的贝壳	https://wap.faloo.com/1239043_18.html
019	第19章：练成武装色霸气	https://wap.faloo.com/1239043_19.html
020	第20章：响雷果实到手	https://wap.faloo.com/1239043_20.html
021	第21章：未来的最强副手，诞生了	https://wap.faloo.com/1239043_21.html
022	第22章：跟天命之子作对的下场	https://wap.faloo.com/1239043_22.html
023	第23章：挑选大本营，两大宝藏	https://wap.faloo.com/1239043_23.html
024	第24章：暴怒的汉库克	https://wap.faloo.com/1239043_24.html
025	第25章：因陀罗之矢	https://wap.faloo.com/1239043_25.html
026	第26章：底线和漏洞，公主今年十六	https://wap.faloo.com/1239043_26.html
027	第27章：春心萌动	https://wap.faloo.com/1239043_27.html
028	第28章：语言的艺术	https://wap.faloo.com/1239043_28.html
029	第29章：突然就变成曹贼了	https://wap.faloo.com/1239043_29.html
030	第30章：卡恩的计划	https://wap.faloo.com/1239043_30.html
031	第31章：又一对姐妹花	https://wap.faloo.com/1239043_31.html
032	第32章：霸主，世界最高峰	https://wap.faloo.com/1239043_32.html
033	第33章：天降巨龙，超级强拳	https://wap.faloo.com/1239043_33.html
034	第34章：傲慢的卡恩，力量的对决	https://wap.faloo.com/1239043_34.html
035	第35章：天龙的咆哮	https://wap.faloo.com/1239043_35.html
036	第36章：新悬赏令，十亿贝利的男人	https://wap.faloo.com/1239043_36.html
037	第37章：卡恩的实力和目的	https://wap.faloo.com/1239043_37.html
038	第38章：各方反应	https://wap.faloo.com/1239043_38.html
039	第39章：曼雪莉	https://wap.faloo.com/1239043_39.html
040	第40章：熟熟果实，年龄挂	https://wap.faloo.com/1239043_40.html
041	第41章：全员十八岁	https://wap.faloo.com/1239043_41.html
042	第42章：美女感应器	https://wap.faloo.com/1239043_42.html
043	第43章：好消息和礼物	https://wap.faloo.com/1239043_43.html
044	第44章：大饱眼福，十八岁的汉库克	https://wap.faloo.com/1239043_44.html
045	第45章：渣男本质，虚伪的卡恩	https://wap.faloo.com/1239043_45.html
046	第46章：卡恩的郁闷	https://wap.faloo.com/1239043_46.html
047	第47章：汉库克的傲慢	https://wap.faloo.com/1239043_47.html
048	第48章：三亿伏特，瓶颈	https://wap.faloo.com/1239043_48.html
049	第49章：汉库克的实力等级，团子果实到手	https://wap.faloo.com/1239043_49.html
050	第50章：目瞪口呆的斯卡莱特，得逞的汉库克	https://wap.faloo.com/1239043_50.html
051	第51章：森林之主，重返香波地群岛	https://wap.faloo.com/1239043_51.html
052	第52章：甜甜果实的情报	https://wap.faloo.com/1239043_52.html
053	第53章：克尔拉	https://wap.faloo.com/1239043_53.html
054	第54章：甜甜果实登场，我出二十亿	https://wap.faloo.com/1239043_54.html
